{
    "Question": {
        "mark_color": "red",
        "brackets_color": "bold_green",
        "default_color": "normal"
    },
    "List": {
        "selection_color": "reverse_cyan",
        "selection_cursor": ">",
        "unselected_color": "normal"
    },
    "Checkbox": {
        "selection_color": "reverse_cyan",
        "selected_color": "bold_green",
        "unselected_color": "normal",
        "selection_icon": ">",
        "selected_icon": "[x]",
        "unselected_icon": "[ ]"
    }
}
