{
    "base": "base sudo",
    "devel": "base-devel",
    "kernel": [
        "linux",
        "linux-hardened",
        "linux-lts",
        "linux-zen"
    ],
    "firmware": "linux-firmware",
    "microcode": [
        "intel_ucode",
        "amd-ucode"
    ],
    "lvm": "lvm2",
    "grub": [
        "grub2",
        "os-prober"
    ],
    "ntfs": "ntfs-3g",
    "network": [
        "networkmanager",
        "net-tools dhcpcd iw wpa_supplicant wireless_tools wget git"
    ],
    "gpu_driver": [
        "xf86-video-intel",
        "xf86-video-ati xf86-video-amdgpu",
        "xf86-video-nouveau",
        "nvidia nvidia-settings",
        "nvidia-lts nvidia-settings",
        "nvidia-dkms nvidia-settings",
        "xf86-video-vesa"
    ],
    "hardvideo": [
        "mesa vulkan-intel libva-intel-driver intel-media-driver libva-utils vdpauinfo",
        "mesa vulkan-radeon mesa-vdpau libva-mesa-driver libva-utils vdpauinfo",
        "mesa libva-mesa-driver mesa-vdpau libva-utils vdpauinfo",
        "nvidia-utils libva-utils vdpauinfo"
    ],
    "xorg": "xorg-server",
    "xinit": "xorg-xinit",
    "numlock": "numlockx",
    "desktop": [
        "gnome",
        "plasme konsole",
        "deepin deepin-terminal",
        "mate mate-terminal",
        "xfce4",
        "lxqt breeze-icons",
        "lxde",
        "cinnamon gnome-terminal",
        "budgie-desktop gnome-terminal",
        "enlightenment terminology",
        "awesome dmenu xterm",
        "xmonad xmonad-contrib dmenu xterm",
        "i3 dmenu xterm"
    ],
    "desktop_extra": [
        "gnome-extra",
        "kde-applications",
        "deepin-extra",
        "mate-extra",
        "xfce-goodies"
    ],
    "display_manager": [
        "gdm",
        "lightdm",
        "sddm",
        "lxdm",
        "xorg-xdm xdm-archlinux"
    ],
    "lightdm_greeter": [
        "lightdm-gtk-greeter",
        "lightdm-pantheon-greeter",
        "lightdm-webkit2-greeter",
        "lightdm-webkit-theme-litarvan"
    ]
}
